"store_type","totalsales","percentageoftotalsales","ordercount"
"Local",4200344.269999772,65.01947512673267,"78409"
"Mall Kiosk",705645.9000000003,10.923087036228436,"13142"
"Outlet",508029.4100000004,7.864071005576285,"9207"
"Super Store",1045045.1900000067,16.17683822319658,"19276"
"Web Portal",1067.77,0.016528608250503025,"43"
